trade_idx,equity
0,0.9450587446328138
1,0.9060309248435555
2,0.8718257191626583
