trade_idx,equity
0,0.9510604790803846
1,0.9028621790133049
2,0.8658669061789934
3,0.8331576019924206
