trade_idx,equity
0,0.9052247895737732
1,0.8702683526152732
2,0.9186286394561485
3,0.9542660849210451
4,0.9189997114002092
