trade_idx,equity
0,0.9211034861692081
1,0.8822425878319955
2,0.9267192664917742
3,0.9612444380484094
4,0.9291578232812844
