trade_idx,equity
0,0.9493215193699517
1,0.9089706616247721
2,0.8746330542447197
